country,iso3,report_id,report_year,publication_date,cr_number,doc_type,title,file_name,pdf_path,n_pages_catalogue
Egypt,EGY,1egyea2005177,2005,2005-06-07,05/177,article_iv,Arab Republic of Egypt: Staff Report for the 2005 Article IV Consultation,1egyea2005177.pdf,/mnt/data/EGY_reform_preflight_final/extracted/EGY/1egyea2005177.pdf,59
Egypt,EGY,1egyea2005179,2005,2005-06-07,05/179,selected_issues,Arab Republic of Egypt: Selected Issues,1egyea2005179.pdf,/mnt/data/EGY_reform_preflight_final/extracted/EGY/1egyea2005179.pdf,46
Egypt,EGY,1egyea2006253,2006,2006-07-11,06/253,article_iv,Arab Republic of Egypt: Staff Report for the 2006 Article IV Consultation—Staff Report; Staff Statement; Public Information Notice on the Executive Board Discussion; and Statement by the Executive Director for the Arab Republic of Egypt,1egyea2006253.pdf,/mnt/data/EGY_reform_preflight_final/extracted/EGY/1egyea2006253.pdf,56
Egypt,EGY,1egyea2007380,2007,2007-12-13,07/380,article_iv,Arab Republic of Egypt: 2007 Article IV Consultation: Staff Report; Staff Statement; Public Information Notice on the Executive Board Discussion; and Statement by the Executive Director for the Arab Republic of Egypt,1egyea2007380.pdf,/mnt/data/EGY_reform_preflight_final/extracted/EGY/1egyea2007380.pdf,57
Egypt,EGY,1egyea2007381,2007,2007-12-13,07/381,selected_issues,Arab Republic of Egypt: Selected Issues,1egyea2007381.pdf,/mnt/data/EGY_reform_preflight_final/extracted/EGY/1egyea2007381.pdf,67
Egypt,EGY,1egyea2009025,2009,2009-01-27,09/025,article_iv,Arab Republic of Egypt: 2008 Article IV Consultation: Staff Report; Staff Statement; Public Information Notice on the Executive Board Discussion; and Statement by the Executive Director for the Arab Republic of Egypt,1egyea2009025.pdf,/mnt/data/EGY_reform_preflight_final/extracted/EGY/1egyea2009025.pdf,51
Egypt,EGY,1egyea2010094,2010,2010-04-20,10/094,article_iv,Arab Republic of Egypt: 2010 Article IV Consultation: Staff Report; Public Information Notice on the Executive Board Discussion; and Statement by the Executive Director for the Arab Republic of Egypt,1egyea2010094.pdf,/mnt/data/EGY_reform_preflight_final/extracted/EGY/1egyea2010094.pdf,58
Egypt,EGY,1egyea2015033,2015,2015-02-11,15/033,article_iv,Arab Republic of Egypt: Staff Report for the 2014 Article IV Consultation,1egyea2015033.pdf,/mnt/data/EGY_reform_preflight_final/extracted/EGY/1egyea2015033.pdf,71
Egypt,EGY,1egyea2017017,2017,2017-01-18,17/017,program_request,Arab Republic of Egypt: Request for Extended Arrangement Under the Extended Fund Facility-Press Release; Staff Report; and Statement by the Executive Director for the Arab Republic of Egypt,1egyea2017017.pdf,/mnt/data/EGY_reform_preflight_final/extracted/EGY/1egyea2017017.pdf,84
Egypt,EGY,1egyea2018014,2018,2018-01-22,18/014,article_iv+program_review,"Arab Republic of Egypt: 2017 Article IV Consultation, Second Review Under the Extended Arrangement Under the Extended Fund Facility, and Request for Modification of Performance Criteria-Press Release; Staff Report; and Statement by the Executive Director for the Arab Republic of Egypt",1egyea2018014.pdf,/mnt/data/EGY_reform_preflight_final/extracted/EGY/1egyea2018014.pdf,108
Egypt,EGY,1egyea2018015,2018,2018-01-22,18/015,selected_issues,Arab Republic of Egypt: Selected Issues,1egyea2018015.pdf,/mnt/data/EGY_reform_preflight_final/extracted/EGY/1egyea2018015.pdf,52
Egypt,EGY,1egyea2018213,2018,2018-07-12,18/213,program_review,"Arab Republic of Egypt: Third Review Under the Extended Arrangement Under the Extended Fund Facility, and Requests for a Waiver of Nonobservance of a Performance Criterion and for Modification of a Performance Criterion-Press Release; Staff Report; and Statement by the Executive Director for the Arab Republic of Egypt",1egyea2018213.pdf,/mnt/data/EGY_reform_preflight_final/extracted/EGY/1egyea2018213.pdf,81
Egypt,EGY,1egyea2019098,2019,2019-04-06,19/098,program_review,Arab Republic of Egypt: Fourth Review Under the Extended Arrangement Under the Extended Fund Facility-Press Release; Staff Report; and Statement by the Executive Director for the Arab Republic of Egypt,1egyea2019098.pdf,/mnt/data/EGY_reform_preflight_final/extracted/EGY/1egyea2019098.pdf,86
Egypt,EGY,1egyea2019311,2019,2019-10-10,19/311,program_review,Arab Republic of Egypt: Fifth Review Under the Extended Arrangement Under the Extended Fund Facility-Press Release; Staff Report; and Statement by the Executive Director for the Arab Republic of Egypt,1egyea2019311.pdf,/mnt/data/EGY_reform_preflight_final/extracted/EGY/1egyea2019311.pdf,70
Egypt,EGY,1egyea2020266,2020,2020-08-10,20/266,program_request,Arab Republic of Egypt: Request for a 12-Month Stand-By Arrangement-Press Release; Staff Report; and Statement by the Executive Director for the Arab Republic of Egypt,1egyea2020266.pdf,/mnt/data/EGY_reform_preflight_final/extracted/EGY/1egyea2020266.pdf,101
Egypt,EGY,1egyea2020271,2020,2020-09-01,20/271,program_request,Arab Republic of Egypt: Request for Purchase Under the Rapid Financing Instrument-Press Release; Staff Report; and Statement by the Executive Director for the Arab Republic of Egypt,1egyea2020271.pdf,/mnt/data/EGY_reform_preflight_final/extracted/EGY/1egyea2020271.pdf,59
Egypt,EGY,1egyea2021007,2021,2021-01-07,21/007,program_review,Arab Republic of Egypt: First Review Under the Stand-By Arrangement and Monetary Policy Consultation-Press Release; Staff Report; and Statement by the Executive Director for the Arab Republic of Egypt,1egyea2021007.pdf,/mnt/data/EGY_reform_preflight_final/extracted/EGY/1egyea2021007.pdf,87
Egypt,EGY,1egyea2021163,2021,2021-07-22,21/163,article_iv+program_review,"Arab Republic of Egypt: 2021 Article IV Consultation, Second Review Under the Stand-By Arrangement-Press Release; Staff Report; and Statement by the Executive Director for the Arab Republic of Egypt",1egyea2021163.pdf,/mnt/data/EGY_reform_preflight_final/extracted/EGY/1egyea2021163.pdf,109
Egypt,EGY,1egyea2023002,2023,2023-01-10,23/002,program_request,Arab Republic of Egypt: Request for Extended Arrangement Under the Extended Fund Facility-Press Release; and Staff Report,1egyea2023002.pdf,/mnt/data/EGY_reform_preflight_final/extracted/EGY/1egyea2023002.pdf,108
Egypt,EGY,1egyea2024098,2024,2024-04-26,24/098,program_review,"Arab Republic of Egypt: First and Second Reviews Under the Extended Arrangement Under the Extended Fund Facility, Monetary Policy Consultation, and Requests for Waiver of Nonobservance of a Performance Criterion, and Augmentation and Rephasing of Access-Press Release; and Staff Report",1egyea2024098.pdf,/mnt/data/EGY_reform_preflight_final/extracted/EGY/1egyea2024098.pdf,105
Egypt,EGY,1egyea2024274,2024,2024-08-26,24/274,program_review,"Arab Republic of Egypt: Third Review Under the Extended Arrangement Under the Extended Fund Facility, Monetary Policy Consultation Clause, Requests for Waivers of Nonobservance of a Performance Criterion and Applicability of Performance Criteria, and Request for Modification of Performance Criteria-Press Release; and Staff Report",1egyea2024274.pdf,/mnt/data/EGY_reform_preflight_final/extracted/EGY/1egyea2024274.pdf,109
Egypt,EGY,1egyea2025186,2025,2025-07-15,25/186,article_iv+program_request+program_review,"Arab Republic of Egypt: 2025 Article IV Consultation, Fourth Review Under the Extended Arrangement Under the Extended Fund Facility, Requests for Waivers of Nonobservance and Modification of Performance Criteria and Request for an Arrangement Under the Resilience and Sustainability Facility-Press Release; Staff Report; and Statement by the Executive Director for Egypt",1egyea2025186.pdf,/mnt/data/EGY_reform_preflight_final/extracted/EGY/1egyea2025186.pdf,203
Egypt,EGY,1egyea2025187,2025,2025-07-15,25/187,selected_issues,Arab Republic of Egypt: Selected Issues,1egyea2025187.pdf,/mnt/data/EGY_reform_preflight_final/extracted/EGY/1egyea2025187.pdf,46
Egypt,EGY,1egyea2026069,2026,2026-03-26,26/069,program_review,"Arab Republic of Egypt: Fifth and Sixth Reviews Under the Extended Arrangement Under the Extended Fund Facility and First Review Under the Resilience and Sustainability Arrangement, Requests for Rephasing of Access, Extension of the Arrangements, Waiver of Nonobservance of Performance Criterion, and Modification of Performance Criteria-Press Release; and Staff Report",1egyea2026069.pdf,/mnt/data/EGY_reform_preflight_final/extracted/EGY/1egyea2026069.pdf,133
Egypt,EGY,1egyea2026224,2026,2026-08-13,26/224,program_review,"Arab Republic of Egypt: Seventh Review Under the Extended Arrangement Under the Extended Fund Facility, Requests for Waivers of Applicability of Performance Criteria and Modification of Performance Criteria, and Monetary Policy Consultation, and Second Review Under the Resilience and Sustainability Facility Arrangement-Press Release; Staff Report; Staff Supplement; and Statement by the Executive Director for the Arab Republic of Egypt",1egyea2026224.pdf,/mnt/data/EGY_reform_preflight_final/extracted/EGY/1egyea2026224.pdf,148
